image,mask
food/img/IMG_0946.jpeg,food/masks_machine/IMG_0946.png
food/img/IMG_0950.jpeg,food/masks_machine/IMG_0950.png
food/img/IMG_0958.jpg,food/masks_machine/IMG_0958.png
food/img/IMG_0959.jpg,food/masks_machine/IMG_0959.png
food/img/IMG_0960.jpg,food/masks_machine/IMG_0960.png
food/img/IMG_0961.jpg,food/masks_machine/IMG_0961.png
food/img/IMG_0962.jpg,food/masks_machine/IMG_0962.png
food/img/IMG_0963.jpg,food/masks_machine/IMG_0963.png
food/img/IMG_0964.jpg,food/masks_machine/IMG_0964.png
food/img/IMG_0965.jpg,food/masks_machine/IMG_0965.png
food/img/IMG_0966.jpg,food/masks_machine/IMG_0966.png
food/img/IMG_0967.jpg,food/masks_machine/IMG_0967.png
food/img/IMG_0968.jpg,food/masks_machine/IMG_0968.png
food/img/IMG_0969.jpg,food/masks_machine/IMG_0969.png
food/img/IMG_0970.jpg,food/masks_machine/IMG_0970.png
food/img/IMG_0971.jpg,food/masks_machine/IMG_0971.png
food/img/IMG_0972.jpg,food/masks_machine/IMG_0972.png
food/img/IMG_0973.jpg,food/masks_machine/IMG_0973.png
food/img/IMG_0974.jpg,food/masks_machine/IMG_0974.png
food/img/IMG_0975.jpg,food/masks_machine/IMG_0975.png
food/img/IMG_0976.jpg,food/masks_machine/IMG_0976.png
food/img/IMG_0977.jpg,food/masks_machine/IMG_0977.png
food/img/IMG_0978.jpg,food/masks_machine/IMG_0978.png
food/img/IMG_0990.jpeg,food/masks_machine/IMG_0990.png
food/img/IMG_1014.jpeg,food/masks_machine/IMG_1014.png
food/img/IMG_1015.jpeg,food/masks_machine/IMG_1015.png
food/img/IMG_1034.jpg,food/masks_machine/IMG_1034.png
food/img/IMG_1063.jpeg,food/masks_machine/IMG_1063.png
food/img/IMG_1064.jpg,food/masks_machine/IMG_1064.png
food/img/IMG_1065.jpeg,food/masks_machine/IMG_1065.png
food/img/IMG_1078.jpeg,food/masks_machine/IMG_1078.png
food/img/IMG_1089.jpeg,food/masks_machine/IMG_1089.png
food/img/IMG_1161.png,food/masks_machine/IMG_1161.png
food/img/IMG_1165.jpg,food/masks_machine/IMG_1165.png
food/img/IMG_1167.jpeg,food/masks_machine/IMG_1167.png
food/img/IMG_1170.jpeg,food/masks_machine/IMG_1170.png
food/img/IMG_1179.jpg,food/masks_machine/IMG_1179.png
food/img/IMG_1180.jpeg,food/masks_machine/IMG_1180.png
food/img/IMG_1190.jpeg,food/masks_machine/IMG_1190.png
food/img/IMG_1366.jpg,food/masks_machine/IMG_1366.png
food/img/IMG_1367.jpeg,food/masks_machine/IMG_1367.png
food/img/IMG_1377.jpg,food/masks_machine/IMG_1377.png
food/img/IMG_1378.jpg,food/masks_machine/IMG_1378.png
food/img/IMG_1379.jpg,food/masks_machine/IMG_1379.png
food/img/IMG_1380.png,food/masks_machine/IMG_1380.png
food/img/IMG_1387.jpg,food/masks_machine/IMG_1387.png
food/img/IMG_1655.jpg,food/masks_machine/IMG_1655.png
food/img/IMG_1656.jpg,food/masks_machine/IMG_1656.png
food/img/IMG_1657.jpg,food/masks_machine/IMG_1657.png
food/img/IMG_1658.jpg,food/masks_machine/IMG_1658.png
food/img/IMG_1659.jpg,food/masks_machine/IMG_1659.png
food/img/IMG_1660.jpg,food/masks_machine/IMG_1660.png
food/img/IMG_1661.jpg,food/masks_machine/IMG_1661.png
food/img/IMG_1662.jpg,food/masks_machine/IMG_1662.png
food/img/IMG_1663.jpg,food/masks_machine/IMG_1663.png
food/img/IMG_1664.jpg,food/masks_machine/IMG_1664.png
food/img/IMG_1665.jpg,food/masks_machine/IMG_1665.png
food/img/IMG_1666.jpg,food/masks_machine/IMG_1666.png
food/img/IMG_1667.jpg,food/masks_machine/IMG_1667.png
food/img/IMG_1668.jpg,food/masks_machine/IMG_1668.png
food/img/IMG_1669.jpg,food/masks_machine/IMG_1669.png
food/img/IMG_1670.jpg,food/masks_machine/IMG_1670.png
food/img/IMG_1671.jpg,food/masks_machine/IMG_1671.png
food/img/IMG_1672.JPG,food/masks_machine/IMG_1672.png
food/img/IMG_1673.JPG,food/masks_machine/IMG_1673.png
food/img/IMG_1674.JPG,food/masks_machine/IMG_1674.png
food/img/IMG_1675.JPG,food/masks_machine/IMG_1675.png
food/img/IMG_1676.JPG,food/masks_machine/IMG_1676.png
food/img/IMG_1677.JPG,food/masks_machine/IMG_1677.png
food/img/IMG_1678.JPG,food/masks_machine/IMG_1678.png
food/img/IMG_1679.JPG,food/masks_machine/IMG_1679.png
food/img/IMG_1680.JPG,food/masks_machine/IMG_1680.png
food/img/IMG_1681.JPG,food/masks_machine/IMG_1681.png
food/img/IMG_1682.JPG,food/masks_machine/IMG_1682.png
food/img/IMG_1683.JPG,food/masks_machine/IMG_1683.png
food/img/IMG_1684.JPG,food/masks_machine/IMG_1684.png
food/img/IMG_1685.JPG,food/masks_machine/IMG_1685.png
food/img/IMG_1686.JPG,food/masks_machine/IMG_1686.png
food/img/IMG_1687.JPG,food/masks_machine/IMG_1687.png
food/img/IMG_1688.JPG,food/masks_machine/IMG_1688.png
